Strategy,Explanation,Following_time_s,TTC_s,Vehicle_behind,Passenger_urgency,n,overtakes,rate,wilson_lo,wilson_hi
ToT,no-limit,12,1.7,0,0,30,0,0.0,0.0,0.1135
ToT,no-limit,12,1.7,0,1,30,0,0.0,0.0,0.1135
ToT,no-limit,12,1.7,1,0,30,0,0.0,0.0,0.1135
ToT,no-limit,12,1.7,1,1,30,0,0.0,0.0,0.1135
ToT,no-limit,12,3.4,0,0,30,14,0.4667,0.3023,0.6386
ToT,no-limit,12,3.4,0,1,30,5,0.1667,0.0734,0.3356
ToT,no-limit,12,3.4,1,0,30,16,0.5333,0.3614,0.6977
ToT,no-limit,12,3.4,1,1,30,9,0.3,0.1666,0.4788
ToT,no-limit,12,5.1,0,0,30,14,0.4667,0.3023,0.6386
ToT,no-limit,12,5.1,0,1,30,11,0.3667,0.2187,0.5449
ToT,no-limit,12,5.1,1,0,30,23,0.7667,0.5907,0.8821
ToT,no-limit,12,5.1,1,1,30,21,0.7,0.5212,0.8334
ToT,no-limit,12,6.8,0,0,30,17,0.5667,0.392,0.7262
ToT,no-limit,12,6.8,0,1,30,12,0.4,0.2459,0.5768
ToT,no-limit,12,6.8,1,0,30,25,0.8333,0.6644,0.9266
ToT,no-limit,12,6.8,1,1,30,25,0.8333,0.6644,0.9266
ToT,no-limit,12,8.5,0,0,30,19,0.6333,0.4551,0.7813
ToT,no-limit,12,8.5,0,1,30,9,0.3,0.1666,0.4788
ToT,no-limit,12,8.5,1,0,30,28,0.9333,0.7868,0.9815
ToT,no-limit,12,8.5,1,1,30,23,0.7667,0.5907,0.8821
ToT,no-limit,18,1.7,0,0,30,0,0.0,0.0,0.1135
ToT,no-limit,18,1.7,0,1,30,0,0.0,0.0,0.1135
ToT,no-limit,18,1.7,1,0,30,0,0.0,0.0,0.1135
ToT,no-limit,18,1.7,1,1,30,0,0.0,0.0,0.1135
ToT,no-limit,18,3.4,0,0,30,17,0.5667,0.392,0.7262
ToT,no-limit,18,3.4,0,1,30,6,0.2,0.0951,0.3731
ToT,no-limit,18,3.4,1,0,30,25,0.8333,0.6644,0.9266
ToT,no-limit,18,3.4,1,1,30,19,0.6333,0.4551,0.7813
ToT,no-limit,18,5.1,0,0,30,22,0.7333,0.5555,0.8582
ToT,no-limit,18,5.1,0,1,30,14,0.4667,0.3023,0.6386
ToT,no-limit,18,5.1,1,0,30,30,1.0,0.8865,1.0
ToT,no-limit,18,5.1,1,1,30,23,0.7667,0.5907,0.8821
ToT,no-limit,18,6.8,0,0,30,20,0.6667,0.4878,0.8077
ToT,no-limit,18,6.8,0,1,30,13,0.4333,0.2738,0.608
ToT,no-limit,18,6.8,1,0,30,26,0.8667,0.7032,0.9469
ToT,no-limit,18,6.8,1,1,30,21,0.7,0.5212,0.8334
ToT,no-limit,18,8.5,0,0,30,18,0.6,0.4232,0.7541
ToT,no-limit,18,8.5,0,1,30,10,0.3333,0.1923,0.5122
ToT,no-limit,18,8.5,1,0,30,24,0.8,0.6269,0.9049
ToT,no-limit,18,8.5,1,1,30,22,0.7333,0.5555,0.8582
ToT,no-limit,24,1.7,0,0,30,0,0.0,0.0,0.1135
ToT,no-limit,24,1.7,0,1,30,0,0.0,0.0,0.1135
ToT,no-limit,24,1.7,1,0,30,0,0.0,0.0,0.1135
ToT,no-limit,24,1.7,1,1,30,0,0.0,0.0,0.1135
ToT,no-limit,24,3.4,0,0,30,4,0.1333,0.0531,0.2968
ToT,no-limit,24,3.4,0,1,30,6,0.2,0.0951,0.3731
ToT,no-limit,24,3.4,1,0,30,13,0.4333,0.2738,0.608
ToT,no-limit,24,3.4,1,1,30,10,0.3333,0.1923,0.5122
ToT,no-limit,24,5.1,0,0,30,6,0.2,0.0951,0.3731
ToT,no-limit,24,5.1,0,1,30,7,0.2333,0.1179,0.4093
ToT,no-limit,24,5.1,1,0,30,20,0.6667,0.4878,0.8077
ToT,no-limit,24,5.1,1,1,30,16,0.5333,0.3614,0.6977
ToT,no-limit,24,6.8,0,0,30,19,0.6333,0.4551,0.7813
ToT,no-limit,24,6.8,0,1,30,16,0.5333,0.3614,0.6977
ToT,no-limit,24,6.8,1,0,30,30,1.0,0.8865,1.0
ToT,no-limit,24,6.8,1,1,30,18,0.6,0.4232,0.7541
ToT,no-limit,24,8.5,0,0,30,18,0.6,0.4232,0.7541
ToT,no-limit,24,8.5,0,1,30,11,0.3667,0.2187,0.5449
ToT,no-limit,24,8.5,1,0,30,26,0.8667,0.7032,0.9469
ToT,no-limit,24,8.5,1,1,30,20,0.6667,0.4878,0.8077
ToT,few-sentences,12,1.7,0,0,30,0,0.0,0.0,0.1135
ToT,few-sentences,12,1.7,0,1,30,0,0.0,0.0,0.1135
ToT,few-sentences,12,1.7,1,0,30,0,0.0,0.0,0.1135
ToT,few-sentences,12,1.7,1,1,30,0,0.0,0.0,0.1135
ToT,few-sentences,12,3.4,0,0,30,0,0.0,0.0,0.1135
ToT,few-sentences,12,3.4,0,1,30,0,0.0,0.0,0.1135
ToT,few-sentences,12,3.4,1,0,30,0,0.0,0.0,0.1135
ToT,few-sentences,12,3.4,1,1,30,0,0.0,0.0,0.1135
ToT,few-sentences,12,5.1,0,0,30,0,0.0,0.0,0.1135
ToT,few-sentences,12,5.1,0,1,30,0,0.0,0.0,0.1135
ToT,few-sentences,12,5.1,1,0,30,0,0.0,0.0,0.1135
ToT,few-sentences,12,5.1,1,1,30,0,0.0,0.0,0.1135
ToT,few-sentences,12,6.8,0,0,30,0,0.0,0.0,0.1135
ToT,few-sentences,12,6.8,0,1,30,0,0.0,0.0,0.1135
ToT,few-sentences,12,6.8,1,0,30,3,0.1,0.0346,0.2562
ToT,few-sentences,12,6.8,1,1,30,0,0.0,0.0,0.1135
ToT,few-sentences,12,8.5,0,0,30,0,0.0,0.0,0.1135
ToT,few-sentences,12,8.5,0,1,30,0,0.0,0.0,0.1135
ToT,few-sentences,12,8.5,1,0,30,0,0.0,0.0,0.1135
ToT,few-sentences,12,8.5,1,1,30,0,0.0,0.0,0.1135
ToT,few-sentences,18,1.7,0,0,30,0,0.0,0.0,0.1135
ToT,few-sentences,18,1.7,0,1,30,0,0.0,0.0,0.1135
ToT,few-sentences,18,1.7,1,0,30,0,0.0,0.0,0.1135
ToT,few-sentences,18,1.7,1,1,30,0,0.0,0.0,0.1135
ToT,few-sentences,18,3.4,0,0,30,0,0.0,0.0,0.1135
ToT,few-sentences,18,3.4,0,1,30,0,0.0,0.0,0.1135
ToT,few-sentences,18,3.4,1,0,30,0,0.0,0.0,0.1135
ToT,few-sentences,18,3.4,1,1,30,0,0.0,0.0,0.1135
ToT,few-sentences,18,5.1,0,0,30,0,0.0,0.0,0.1135
ToT,few-sentences,18,5.1,0,1,30,0,0.0,0.0,0.1135
ToT,few-sentences,18,5.1,1,0,30,6,0.2,0.0951,0.3731
ToT,few-sentences,18,5.1,1,1,30,0,0.0,0.0,0.1135
ToT,few-sentences,18,6.8,0,0,30,0,0.0,0.0,0.1135
ToT,few-sentences,18,6.8,0,1,30,0,0.0,0.0,0.1135
ToT,few-sentences,18,6.8,1,0,30,5,0.1667,0.0734,0.3356
ToT,few-sentences,18,6.8,1,1,30,0,0.0,0.0,0.1135
ToT,few-sentences,18,8.5,0,0,30,0,0.0,0.0,0.1135
ToT,few-sentences,18,8.5,0,1,30,0,0.0,0.0,0.1135
ToT,few-sentences,18,8.5,1,0,30,3,0.1,0.0346,0.2562
ToT,few-sentences,18,8.5,1,1,30,0,0.0,0.0,0.1135
ToT,few-sentences,24,1.7,0,0,30,0,0.0,0.0,0.1135
ToT,few-sentences,24,1.7,0,1,30,0,0.0,0.0,0.1135
ToT,few-sentences,24,1.7,1,0,30,0,0.0,0.0,0.1135
ToT,few-sentences,24,1.7,1,1,30,0,0.0,0.0,0.1135
ToT,few-sentences,24,3.4,0,0,30,0,0.0,0.0,0.1135
ToT,few-sentences,24,3.4,0,1,30,0,0.0,0.0,0.1135
ToT,few-sentences,24,3.4,1,0,30,3,0.1,0.0346,0.2562
ToT,few-sentences,24,3.4,1,1,30,1,0.0333,0.0059,0.1667
ToT,few-sentences,24,5.1,0,0,30,0,0.0,0.0,0.1135
ToT,few-sentences,24,5.1,0,1,30,0,0.0,0.0,0.1135
ToT,few-sentences,24,5.1,1,0,30,10,0.3333,0.1923,0.5122
ToT,few-sentences,24,5.1,1,1,30,0,0.0,0.0,0.1135
ToT,few-sentences,24,6.8,0,0,30,0,0.0,0.0,0.1135
ToT,few-sentences,24,6.8,0,1,30,0,0.0,0.0,0.1135
ToT,few-sentences,24,6.8,1,0,30,7,0.2333,0.1179,0.4093
ToT,few-sentences,24,6.8,1,1,30,2,0.0667,0.0185,0.2132
ToT,few-sentences,24,8.5,0,0,30,0,0.0,0.0,0.1135
ToT,few-sentences,24,8.5,0,1,30,0,0.0,0.0,0.1135
ToT,few-sentences,24,8.5,1,0,30,3,0.1,0.0346,0.2562
ToT,few-sentences,24,8.5,1,1,30,2,0.0667,0.0185,0.2132
CoT,no-limit,12,1.7,0,0,30,0,0.0,0.0,0.1135
CoT,no-limit,12,1.7,0,1,30,0,0.0,0.0,0.1135
CoT,no-limit,12,1.7,1,0,30,0,0.0,0.0,0.1135
CoT,no-limit,12,1.7,1,1,30,0,0.0,0.0,0.1135
CoT,no-limit,12,3.4,0,0,30,3,0.1,0.0346,0.2562
CoT,no-limit,12,3.4,0,1,30,3,0.1,0.0346,0.2562
CoT,no-limit,12,3.4,1,0,30,11,0.3667,0.2187,0.5449
CoT,no-limit,12,3.4,1,1,30,2,0.0667,0.0185,0.2132
CoT,no-limit,12,5.1,0,0,30,11,0.3667,0.2187,0.5449
CoT,no-limit,12,5.1,0,1,30,2,0.0667,0.0185,0.2132
CoT,no-limit,12,5.1,1,0,30,18,0.6,0.4232,0.7541
CoT,no-limit,12,5.1,1,1,30,4,0.1333,0.0531,0.2968
CoT,no-limit,12,6.8,0,0,30,24,0.8,0.6269,0.9049
CoT,no-limit,12,6.8,0,1,30,15,0.5,0.3315,0.6685
CoT,no-limit,12,6.8,1,0,30,15,0.5,0.3315,0.6685
CoT,no-limit,12,6.8,1,1,30,3,0.1,0.0346,0.2562
CoT,no-limit,12,8.5,0,0,30,24,0.8,0.6269,0.9049
CoT,no-limit,12,8.5,0,1,30,15,0.5,0.3315,0.6685
CoT,no-limit,12,8.5,1,0,30,22,0.7333,0.5555,0.8582
CoT,no-limit,12,8.5,1,1,30,5,0.1667,0.0734,0.3356
CoT,no-limit,18,1.7,0,0,30,0,0.0,0.0,0.1135
CoT,no-limit,18,1.7,0,1,30,0,0.0,0.0,0.1135
CoT,no-limit,18,1.7,1,0,30,0,0.0,0.0,0.1135
CoT,no-limit,18,1.7,1,1,30,0,0.0,0.0,0.1135
CoT,no-limit,18,3.4,0,0,30,13,0.4333,0.2738,0.608
CoT,no-limit,18,3.4,0,1,30,1,0.0333,0.0059,0.1667
CoT,no-limit,18,3.4,1,0,30,14,0.4667,0.3023,0.6386
CoT,no-limit,18,3.4,1,1,30,0,0.0,0.0,0.1135
CoT,no-limit,18,5.1,0,0,30,16,0.5333,0.3614,0.6977
CoT,no-limit,18,5.1,0,1,30,4,0.1333,0.0531,0.2968
CoT,no-limit,18,5.1,1,0,30,16,0.5333,0.3614,0.6977
CoT,no-limit,18,5.1,1,1,30,1,0.0333,0.0059,0.1667
CoT,no-limit,18,6.8,0,0,30,22,0.7333,0.5555,0.8582
CoT,no-limit,18,6.8,0,1,30,6,0.2,0.0951,0.3731
CoT,no-limit,18,6.8,1,0,30,24,0.8,0.6269,0.9049
CoT,no-limit,18,6.8,1,1,30,17,0.5667,0.392,0.7262
CoT,no-limit,18,8.5,0,0,30,24,0.8,0.6269,0.9049
CoT,no-limit,18,8.5,0,1,30,12,0.4,0.2459,0.5768
CoT,no-limit,18,8.5,1,0,30,24,0.8,0.6269,0.9049
CoT,no-limit,18,8.5,1,1,30,14,0.4667,0.3023,0.6386
CoT,no-limit,24,1.7,0,0,30,0,0.0,0.0,0.1135
CoT,no-limit,24,1.7,0,1,30,0,0.0,0.0,0.1135
CoT,no-limit,24,1.7,1,0,30,0,0.0,0.0,0.1135
CoT,no-limit,24,1.7,1,1,30,0,0.0,0.0,0.1135
CoT,no-limit,24,3.4,0,0,30,8,0.2667,0.1418,0.4445
CoT,no-limit,24,3.4,0,1,30,0,0.0,0.0,0.1135
CoT,no-limit,24,3.4,1,0,30,16,0.5333,0.3614,0.6977
CoT,no-limit,24,3.4,1,1,30,1,0.0333,0.0059,0.1667
CoT,no-limit,24,5.1,0,0,30,15,0.5,0.3315,0.6685
CoT,no-limit,24,5.1,0,1,30,1,0.0333,0.0059,0.1667
CoT,no-limit,24,5.1,1,0,30,19,0.6333,0.4551,0.7813
CoT,no-limit,24,5.1,1,1,30,8,0.2667,0.1418,0.4445
CoT,no-limit,24,6.8,0,0,30,21,0.7,0.5212,0.8334
CoT,no-limit,24,6.8,0,1,30,4,0.1333,0.0531,0.2968
CoT,no-limit,24,6.8,1,0,30,25,0.8333,0.6644,0.9266
CoT,no-limit,24,6.8,1,1,30,1,0.0333,0.0059,0.1667
CoT,no-limit,24,8.5,0,0,30,24,0.8,0.6269,0.9049
CoT,no-limit,24,8.5,0,1,30,6,0.2,0.0951,0.3731
CoT,no-limit,24,8.5,1,0,30,22,0.7333,0.5555,0.8582
CoT,no-limit,24,8.5,1,1,30,10,0.3333,0.1923,0.5122
CoT,few-sentences,12,1.7,0,0,30,0,0.0,0.0,0.1135
CoT,few-sentences,12,1.7,0,1,30,0,0.0,0.0,0.1135
CoT,few-sentences,12,1.7,1,0,30,0,0.0,0.0,0.1135
CoT,few-sentences,12,1.7,1,1,30,0,0.0,0.0,0.1135
CoT,few-sentences,12,3.4,0,0,30,0,0.0,0.0,0.1135
CoT,few-sentences,12,3.4,0,1,30,0,0.0,0.0,0.1135
CoT,few-sentences,12,3.4,1,0,30,0,0.0,0.0,0.1135
CoT,few-sentences,12,3.4,1,1,30,0,0.0,0.0,0.1135
CoT,few-sentences,12,5.1,0,0,30,0,0.0,0.0,0.1135
CoT,few-sentences,12,5.1,0,1,30,0,0.0,0.0,0.1135
CoT,few-sentences,12,5.1,1,0,30,0,0.0,0.0,0.1135
CoT,few-sentences,12,5.1,1,1,30,0,0.0,0.0,0.1135
CoT,few-sentences,12,6.8,0,0,30,0,0.0,0.0,0.1135
CoT,few-sentences,12,6.8,0,1,30,0,0.0,0.0,0.1135
CoT,few-sentences,12,6.8,1,0,30,0,0.0,0.0,0.1135
CoT,few-sentences,12,6.8,1,1,30,0,0.0,0.0,0.1135
CoT,few-sentences,12,8.5,0,0,30,0,0.0,0.0,0.1135
CoT,few-sentences,12,8.5,0,1,30,0,0.0,0.0,0.1135
CoT,few-sentences,12,8.5,1,0,30,0,0.0,0.0,0.1135
CoT,few-sentences,12,8.5,1,1,30,0,0.0,0.0,0.1135
CoT,few-sentences,18,1.7,0,0,30,0,0.0,0.0,0.1135
CoT,few-sentences,18,1.7,0,1,30,0,0.0,0.0,0.1135
CoT,few-sentences,18,1.7,1,0,30,0,0.0,0.0,0.1135
CoT,few-sentences,18,1.7,1,1,30,0,0.0,0.0,0.1135
CoT,few-sentences,18,3.4,0,0,30,0,0.0,0.0,0.1135
CoT,few-sentences,18,3.4,0,1,30,0,0.0,0.0,0.1135
CoT,few-sentences,18,3.4,1,0,30,0,0.0,0.0,0.1135
CoT,few-sentences,18,3.4,1,1,30,0,0.0,0.0,0.1135
CoT,few-sentences,18,5.1,0,0,30,0,0.0,0.0,0.1135
CoT,few-sentences,18,5.1,0,1,30,0,0.0,0.0,0.1135
CoT,few-sentences,18,5.1,1,0,30,0,0.0,0.0,0.1135
CoT,few-sentences,18,5.1,1,1,30,0,0.0,0.0,0.1135
CoT,few-sentences,18,6.8,0,0,30,0,0.0,0.0,0.1135
CoT,few-sentences,18,6.8,0,1,30,0,0.0,0.0,0.1135
CoT,few-sentences,18,6.8,1,0,30,0,0.0,0.0,0.1135
CoT,few-sentences,18,6.8,1,1,30,0,0.0,0.0,0.1135
CoT,few-sentences,18,8.5,0,0,30,0,0.0,0.0,0.1135
CoT,few-sentences,18,8.5,0,1,30,0,0.0,0.0,0.1135
CoT,few-sentences,18,8.5,1,0,30,0,0.0,0.0,0.1135
CoT,few-sentences,18,8.5,1,1,30,0,0.0,0.0,0.1135
CoT,few-sentences,24,1.7,0,0,30,0,0.0,0.0,0.1135
CoT,few-sentences,24,1.7,0,1,30,0,0.0,0.0,0.1135
CoT,few-sentences,24,1.7,1,0,30,0,0.0,0.0,0.1135
CoT,few-sentences,24,1.7,1,1,30,0,0.0,0.0,0.1135
CoT,few-sentences,24,3.4,0,0,30,0,0.0,0.0,0.1135
CoT,few-sentences,24,3.4,0,1,30,0,0.0,0.0,0.1135
CoT,few-sentences,24,3.4,1,0,30,0,0.0,0.0,0.1135
CoT,few-sentences,24,3.4,1,1,30,0,0.0,0.0,0.1135
CoT,few-sentences,24,5.1,0,0,30,0,0.0,0.0,0.1135
CoT,few-sentences,24,5.1,0,1,30,0,0.0,0.0,0.1135
CoT,few-sentences,24,5.1,1,0,30,0,0.0,0.0,0.1135
CoT,few-sentences,24,5.1,1,1,30,0,0.0,0.0,0.1135
CoT,few-sentences,24,6.8,0,0,30,0,0.0,0.0,0.1135
CoT,few-sentences,24,6.8,0,1,30,0,0.0,0.0,0.1135
CoT,few-sentences,24,6.8,1,0,30,0,0.0,0.0,0.1135
CoT,few-sentences,24,6.8,1,1,30,0,0.0,0.0,0.1135
CoT,few-sentences,24,8.5,0,0,30,0,0.0,0.0,0.1135
CoT,few-sentences,24,8.5,0,1,30,0,0.0,0.0,0.1135
CoT,few-sentences,24,8.5,1,0,30,0,0.0,0.0,0.1135
CoT,few-sentences,24,8.5,1,1,30,0,0.0,0.0,0.1135
