strategy,term,OR_boot_lo,OR_boot_hi,n_replicates
ToT,Intercept,0.22691008233849122,0.7341387961744753,1981
ToT,"C(Tc, Treatment(3.4))[T.5.1]",1.3894444046527321,4.7974502804297,1981
ToT,"C(Tc, Treatment(3.4))[T.6.8]",2.0829964733926607,7.426871050844099,1981
ToT,"C(Tc, Treatment(3.4))[T.8.5]",2.0879445025308327,7.842324708836716,1981
ToT,"C(Fc, Treatment(12.0))[T.18.0]",1.243846901810101,4.473680945902326,1981
ToT,"C(Fc, Treatment(12.0))[T.24.0]",0.29072371910963496,1.2683272204169735,1981
ToT,"C(Tc, Treatment(3.4))[T.5.1]:C(Fc, Treatment(12.0))[T.18.0]",0.4804262105615283,2.389329466341695,1981
ToT,"C(Tc, Treatment(3.4))[T.6.8]:C(Fc, Treatment(12.0))[T.18.0]",0.20739480095345778,0.9129012192130209,1981
ToT,"C(Tc, Treatment(3.4))[T.8.5]:C(Fc, Treatment(12.0))[T.18.0]",0.1431427297543163,0.7022123398794159,1981
ToT,"C(Tc, Treatment(3.4))[T.5.1]:C(Fc, Treatment(12.0))[T.24.0]",0.3132138428624344,1.882133229119749,1981
ToT,"C(Tc, Treatment(3.4))[T.6.8]:C(Fc, Treatment(12.0))[T.24.0]",0.7230133993192384,5.685461981023452,1981
ToT,"C(Tc, Treatment(3.4))[T.8.5]:C(Fc, Treatment(12.0))[T.24.0]",0.5849455728823392,3.0371251381900124,1981
ToT,B,3.148499023225052,5.240230690432818,1981
ToT,Uh,0.32578067869925026,0.5155827267890044,1981
CoT,Intercept,0.14645696871052882,0.9627749254349447,1987
CoT,"C(Tc, Treatment(3.4))[T.5.1]",0.8797336087640444,6.644402711273361,1987
CoT,"C(Tc, Treatment(3.4))[T.6.8]",1.6672275515189743,26.523753009678458,1987
CoT,"C(Tc, Treatment(3.4))[T.8.5]",3.34048244407683,30.542578517294427,1987
CoT,"C(Fc, Treatment(12.0))[T.18.0]",0.3002186839050174,4.232068826747908,1987
CoT,"C(Fc, Treatment(12.0))[T.24.0]",0.27737715068325425,3.99419536535587,1987
CoT,"C(Tc, Treatment(3.4))[T.5.1]:C(Fc, Treatment(12.0))[T.18.0]",0.19931543269856267,4.107060428199138,1987
CoT,"C(Tc, Treatment(3.4))[T.6.8]:C(Fc, Treatment(12.0))[T.18.0]",0.22944536461104464,7.289849414976368,1987
CoT,"C(Tc, Treatment(3.4))[T.8.5]:C(Fc, Treatment(12.0))[T.18.0]",0.26742763126025004,4.9558464334007395,1987
CoT,"C(Tc, Treatment(3.4))[T.5.1]:C(Fc, Treatment(12.0))[T.24.0]",0.31974720977918253,6.842425529940364,1987
CoT,"C(Tc, Treatment(3.4))[T.6.8]:C(Fc, Treatment(12.0))[T.24.0]",0.0887273720365036,4.0753089227816695,1987
CoT,"C(Tc, Treatment(3.4))[T.8.5]:C(Fc, Treatment(12.0))[T.24.0]",0.17269942183731526,3.828941535479006,1987
CoT,B,0.7597074811637003,1.6726280871115158,1987
CoT,Uh,0.07123443977516332,0.17173605942717643,1987
