L,Fc,Tc,B,Uh,k,n,p_hat,wilson_lo,wilson_hi,strategy,regime
0,12.0,1.7,0,0,0,30,0.0,0.0,0.1135133931739688,ToT,no-limit
0,12.0,1.7,0,1,0,30,0.0,0.0,0.1135133931739688,ToT,no-limit
0,12.0,1.7,1,0,0,30,0.0,0.0,0.1135133931739688,ToT,no-limit
0,12.0,1.7,1,1,0,30,0.0,0.0,0.1135133931739688,ToT,no-limit
0,12.0,3.4,0,0,14,30,0.4666666666666667,0.30232388907699753,0.638577003801267,ToT,no-limit
0,12.0,3.4,0,1,5,30,0.16666666666666666,0.07336542371848548,0.33564350506416035,ToT,no-limit
0,12.0,3.4,1,0,16,30,0.5333333333333333,0.36142299619873297,0.6976761109230025,ToT,no-limit
0,12.0,3.4,1,1,9,30,0.3,0.16664748268243793,0.4787578745871496,ToT,no-limit
0,12.0,5.1,0,0,14,30,0.4666666666666667,0.30232388907699753,0.638577003801267,ToT,no-limit
0,12.0,5.1,0,1,11,30,0.36666666666666664,0.2187392080610071,0.5448643634520512,ToT,no-limit
0,12.0,5.1,1,0,23,30,0.7666666666666667,0.5907167384187783,0.882076118555105,ToT,no-limit
0,12.0,5.1,1,1,21,30,0.7,0.5212421254128503,0.833352517317562,ToT,no-limit
0,12.0,6.8,0,0,17,30,0.5666666666666667,0.39197307000813597,0.7262251442353348,ToT,no-limit
0,12.0,6.8,0,1,12,30,0.4,0.24590628116801855,0.5767963974667754,ToT,no-limit
0,12.0,6.8,1,0,25,30,0.8333333333333334,0.6643564949358397,0.9266345762815146,ToT,no-limit
0,12.0,6.8,1,1,25,30,0.8333333333333334,0.6643564949358397,0.9266345762815146,ToT,no-limit
0,12.0,8.5,0,0,19,30,0.6333333333333333,0.45513563654794864,0.7812607919389929,ToT,no-limit
0,12.0,8.5,0,1,9,30,0.3,0.16664748268243793,0.4787578745871496,ToT,no-limit
0,12.0,8.5,1,0,28,30,0.9333333333333333,0.7867654163738307,0.9815229762087296,ToT,no-limit
0,12.0,8.5,1,1,23,30,0.7666666666666667,0.5907167384187783,0.882076118555105,ToT,no-limit
0,18.0,1.7,0,0,0,30,0.0,0.0,0.1135133931739688,ToT,no-limit
0,18.0,1.7,0,1,0,30,0.0,0.0,0.1135133931739688,ToT,no-limit
0,18.0,1.7,1,0,0,30,0.0,0.0,0.1135133931739688,ToT,no-limit
0,18.0,1.7,1,1,0,30,0.0,0.0,0.1135133931739688,ToT,no-limit
0,18.0,3.4,0,0,17,30,0.5666666666666667,0.39197307000813597,0.7262251442353348,ToT,no-limit
0,18.0,3.4,0,1,6,30,0.2,0.09505107177289873,0.3730569641314826,ToT,no-limit
0,18.0,3.4,1,0,25,30,0.8333333333333334,0.6643564949358397,0.9266345762815146,ToT,no-limit
0,18.0,3.4,1,1,19,30,0.6333333333333333,0.45513563654794864,0.7812607919389929,ToT,no-limit
0,18.0,5.1,0,0,22,30,0.7333333333333333,0.555520383048111,0.8581733668040368,ToT,no-limit
0,18.0,5.1,0,1,14,30,0.4666666666666667,0.30232388907699753,0.638577003801267,ToT,no-limit
0,18.0,5.1,1,0,30,30,1.0,0.8864866068260311,1.0,ToT,no-limit
0,18.0,5.1,1,1,23,30,0.7666666666666667,0.5907167384187783,0.882076118555105,ToT,no-limit
0,18.0,6.8,0,0,20,30,0.6666666666666666,0.48780051644543837,0.8076950191632386,ToT,no-limit
0,18.0,6.8,0,1,13,30,0.43333333333333335,0.2737748557646652,0.608026929991864,ToT,no-limit
0,18.0,6.8,1,0,26,30,0.8666666666666667,0.703186733179637,0.9469034451594526,ToT,no-limit
0,18.0,6.8,1,1,21,30,0.7,0.5212421254128503,0.833352517317562,ToT,no-limit
0,18.0,8.5,0,0,18,30,0.6,0.42320360253322475,0.7540937188319815,ToT,no-limit
0,18.0,8.5,0,1,10,30,0.3333333333333333,0.19230498083676129,0.5121994835545616,ToT,no-limit
0,18.0,8.5,1,0,24,30,0.8,0.6269430358685175,0.9049489282271013,ToT,no-limit
0,18.0,8.5,1,1,22,30,0.7333333333333333,0.555520383048111,0.8581733668040368,ToT,no-limit
0,24.0,1.7,0,0,0,30,0.0,0.0,0.1135133931739688,ToT,no-limit
0,24.0,1.7,0,1,0,30,0.0,0.0,0.1135133931739688,ToT,no-limit
0,24.0,1.7,1,0,0,30,0.0,0.0,0.1135133931739688,ToT,no-limit
0,24.0,1.7,1,1,0,30,0.0,0.0,0.1135133931739688,ToT,no-limit
0,24.0,3.4,0,0,4,30,0.13333333333333333,0.05309655484054743,0.296813266820363,ToT,no-limit
0,24.0,3.4,0,1,6,30,0.2,0.09505107177289873,0.3730569641314826,ToT,no-limit
0,24.0,3.4,1,0,13,30,0.43333333333333335,0.2737748557646652,0.608026929991864,ToT,no-limit
0,24.0,3.4,1,1,10,30,0.3333333333333333,0.19230498083676129,0.5121994835545616,ToT,no-limit
0,24.0,5.1,0,0,6,30,0.2,0.09505107177289873,0.3730569641314826,ToT,no-limit
0,24.0,5.1,0,1,7,30,0.23333333333333334,0.11792388144489496,0.40928326158122175,ToT,no-limit
0,24.0,5.1,1,0,20,30,0.6666666666666666,0.48780051644543837,0.8076950191632386,ToT,no-limit
0,24.0,5.1,1,1,16,30,0.5333333333333333,0.36142299619873297,0.6976761109230025,ToT,no-limit
0,24.0,6.8,0,0,19,30,0.6333333333333333,0.45513563654794864,0.7812607919389929,ToT,no-limit
0,24.0,6.8,0,1,16,30,0.5333333333333333,0.36142299619873297,0.6976761109230025,ToT,no-limit
0,24.0,6.8,1,0,30,30,1.0,0.8864866068260311,1.0,ToT,no-limit
0,24.0,6.8,1,1,18,30,0.6,0.42320360253322475,0.7540937188319815,ToT,no-limit
0,24.0,8.5,0,0,18,30,0.6,0.42320360253322475,0.7540937188319815,ToT,no-limit
0,24.0,8.5,0,1,11,30,0.36666666666666664,0.2187392080610071,0.5448643634520512,ToT,no-limit
0,24.0,8.5,1,0,26,30,0.8666666666666667,0.703186733179637,0.9469034451594526,ToT,no-limit
0,24.0,8.5,1,1,20,30,0.6666666666666666,0.48780051644543837,0.8076950191632386,ToT,no-limit
1,12.0,1.7,0,0,0,30,0.0,0.0,0.1135133931739688,ToT,few-sentences
1,12.0,1.7,0,1,0,30,0.0,0.0,0.1135133931739688,ToT,few-sentences
1,12.0,1.7,1,0,0,30,0.0,0.0,0.1135133931739688,ToT,few-sentences
1,12.0,1.7,1,1,0,30,0.0,0.0,0.1135133931739688,ToT,few-sentences
1,12.0,3.4,0,0,0,30,0.0,0.0,0.1135133931739688,ToT,few-sentences
1,12.0,3.4,0,1,0,30,0.0,0.0,0.1135133931739688,ToT,few-sentences
1,12.0,3.4,1,0,0,30,0.0,0.0,0.1135133931739688,ToT,few-sentences
1,12.0,3.4,1,1,0,30,0.0,0.0,0.1135133931739688,ToT,few-sentences
1,12.0,5.1,0,0,0,30,0.0,0.0,0.1135133931739688,ToT,few-sentences
1,12.0,5.1,0,1,0,30,0.0,0.0,0.1135133931739688,ToT,few-sentences
1,12.0,5.1,1,0,0,30,0.0,0.0,0.1135133931739688,ToT,few-sentences
1,12.0,5.1,1,1,0,30,0.0,0.0,0.1135133931739688,ToT,few-sentences
1,12.0,6.8,0,0,0,30,0.0,0.0,0.1135133931739688,ToT,few-sentences
1,12.0,6.8,0,1,0,30,0.0,0.0,0.1135133931739688,ToT,few-sentences
1,12.0,6.8,1,0,3,30,0.1,0.03459988874733416,0.25621082579184085,ToT,few-sentences
1,12.0,6.8,1,1,0,30,0.0,0.0,0.1135133931739688,ToT,few-sentences
1,12.0,8.5,0,0,0,30,0.0,0.0,0.1135133931739688,ToT,few-sentences
1,12.0,8.5,0,1,0,30,0.0,0.0,0.1135133931739688,ToT,few-sentences
1,12.0,8.5,1,0,0,30,0.0,0.0,0.1135133931739688,ToT,few-sentences
1,12.0,8.5,1,1,0,30,0.0,0.0,0.1135133931739688,ToT,few-sentences
1,18.0,1.7,0,0,0,30,0.0,0.0,0.1135133931739688,ToT,few-sentences
1,18.0,1.7,0,1,0,30,0.0,0.0,0.1135133931739688,ToT,few-sentences
1,18.0,1.7,1,0,0,30,0.0,0.0,0.1135133931739688,ToT,few-sentences
1,18.0,1.7,1,1,0,30,0.0,0.0,0.1135133931739688,ToT,few-sentences
1,18.0,3.4,0,0,0,30,0.0,0.0,0.1135133931739688,ToT,few-sentences
1,18.0,3.4,0,1,0,30,0.0,0.0,0.1135133931739688,ToT,few-sentences
1,18.0,3.4,1,0,0,30,0.0,0.0,0.1135133931739688,ToT,few-sentences
1,18.0,3.4,1,1,0,30,0.0,0.0,0.1135133931739688,ToT,few-sentences
1,18.0,5.1,0,0,0,30,0.0,0.0,0.1135133931739688,ToT,few-sentences
1,18.0,5.1,0,1,0,30,0.0,0.0,0.1135133931739688,ToT,few-sentences
1,18.0,5.1,1,0,6,30,0.2,0.09505107177289873,0.3730569641314826,ToT,few-sentences
1,18.0,5.1,1,1,0,30,0.0,0.0,0.1135133931739688,ToT,few-sentences
1,18.0,6.8,0,0,0,30,0.0,0.0,0.1135133931739688,ToT,few-sentences
1,18.0,6.8,0,1,0,30,0.0,0.0,0.1135133931739688,ToT,few-sentences
1,18.0,6.8,1,0,5,30,0.16666666666666666,0.07336542371848548,0.33564350506416035,ToT,few-sentences
1,18.0,6.8,1,1,0,30,0.0,0.0,0.1135133931739688,ToT,few-sentences
1,18.0,8.5,0,0,0,30,0.0,0.0,0.1135133931739688,ToT,few-sentences
1,18.0,8.5,0,1,0,30,0.0,0.0,0.1135133931739688,ToT,few-sentences
1,18.0,8.5,1,0,3,30,0.1,0.03459988874733416,0.25621082579184085,ToT,few-sentences
1,18.0,8.5,1,1,0,30,0.0,0.0,0.1135133931739688,ToT,few-sentences
1,24.0,1.7,0,0,0,30,0.0,0.0,0.1135133931739688,ToT,few-sentences
1,24.0,1.7,0,1,0,30,0.0,0.0,0.1135133931739688,ToT,few-sentences
1,24.0,1.7,1,0,0,30,0.0,0.0,0.1135133931739688,ToT,few-sentences
1,24.0,1.7,1,1,0,30,0.0,0.0,0.1135133931739688,ToT,few-sentences
1,24.0,3.4,0,0,0,30,0.0,0.0,0.1135133931739688,ToT,few-sentences
1,24.0,3.4,0,1,0,30,0.0,0.0,0.1135133931739688,ToT,few-sentences
1,24.0,3.4,1,0,3,30,0.1,0.03459988874733416,0.25621082579184085,ToT,few-sentences
1,24.0,3.4,1,1,1,30,0.03333333333333333,0.005908590381612455,0.16670390991409176,ToT,few-sentences
1,24.0,5.1,0,0,0,30,0.0,0.0,0.1135133931739688,ToT,few-sentences
1,24.0,5.1,0,1,0,30,0.0,0.0,0.1135133931739688,ToT,few-sentences
1,24.0,5.1,1,0,10,30,0.3333333333333333,0.19230498083676129,0.5121994835545616,ToT,few-sentences
1,24.0,5.1,1,1,0,30,0.0,0.0,0.1135133931739688,ToT,few-sentences
1,24.0,6.8,0,0,0,30,0.0,0.0,0.1135133931739688,ToT,few-sentences
1,24.0,6.8,0,1,0,30,0.0,0.0,0.1135133931739688,ToT,few-sentences
1,24.0,6.8,1,0,7,30,0.23333333333333334,0.11792388144489496,0.40928326158122175,ToT,few-sentences
1,24.0,6.8,1,1,2,30,0.06666666666666667,0.018477023791270378,0.21323458362616926,ToT,few-sentences
1,24.0,8.5,0,0,0,30,0.0,0.0,0.1135133931739688,ToT,few-sentences
1,24.0,8.5,0,1,0,30,0.0,0.0,0.1135133931739688,ToT,few-sentences
1,24.0,8.5,1,0,3,30,0.1,0.03459988874733416,0.25621082579184085,ToT,few-sentences
1,24.0,8.5,1,1,2,30,0.06666666666666667,0.018477023791270378,0.21323458362616926,ToT,few-sentences
0,12.0,1.7,0,0,0,30,0.0,0.0,0.1135133931739688,CoT,no-limit
0,12.0,1.7,0,1,0,30,0.0,0.0,0.1135133931739688,CoT,no-limit
0,12.0,1.7,1,0,0,30,0.0,0.0,0.1135133931739688,CoT,no-limit
0,12.0,1.7,1,1,0,30,0.0,0.0,0.1135133931739688,CoT,no-limit
0,12.0,3.4,0,0,3,30,0.1,0.03459988874733416,0.25621082579184085,CoT,no-limit
0,12.0,3.4,0,1,3,30,0.1,0.03459988874733416,0.25621082579184085,CoT,no-limit
0,12.0,3.4,1,0,11,30,0.36666666666666664,0.2187392080610071,0.5448643634520512,CoT,no-limit
0,12.0,3.4,1,1,2,30,0.06666666666666667,0.018477023791270378,0.21323458362616926,CoT,no-limit
0,12.0,5.1,0,0,11,30,0.36666666666666664,0.2187392080610071,0.5448643634520512,CoT,no-limit
0,12.0,5.1,0,1,2,30,0.06666666666666667,0.018477023791270378,0.21323458362616926,CoT,no-limit
0,12.0,5.1,1,0,18,30,0.6,0.42320360253322475,0.7540937188319815,CoT,no-limit
0,12.0,5.1,1,1,4,30,0.13333333333333333,0.05309655484054743,0.296813266820363,CoT,no-limit
0,12.0,6.8,0,0,24,30,0.8,0.6269430358685175,0.9049489282271013,CoT,no-limit
0,12.0,6.8,0,1,15,30,0.5,0.3315412564053376,0.6684587435946624,CoT,no-limit
0,12.0,6.8,1,0,15,30,0.5,0.3315412564053376,0.6684587435946624,CoT,no-limit
0,12.0,6.8,1,1,3,30,0.1,0.03459988874733416,0.25621082579184085,CoT,no-limit
0,12.0,8.5,0,0,24,30,0.8,0.6269430358685175,0.9049489282271013,CoT,no-limit
0,12.0,8.5,0,1,15,30,0.5,0.3315412564053376,0.6684587435946624,CoT,no-limit
0,12.0,8.5,1,0,22,30,0.7333333333333333,0.555520383048111,0.8581733668040368,CoT,no-limit
0,12.0,8.5,1,1,5,30,0.16666666666666666,0.07336542371848548,0.33564350506416035,CoT,no-limit
0,18.0,1.7,0,0,0,30,0.0,0.0,0.1135133931739688,CoT,no-limit
0,18.0,1.7,0,1,0,30,0.0,0.0,0.1135133931739688,CoT,no-limit
0,18.0,1.7,1,0,0,30,0.0,0.0,0.1135133931739688,CoT,no-limit
0,18.0,1.7,1,1,0,30,0.0,0.0,0.1135133931739688,CoT,no-limit
0,18.0,3.4,0,0,13,30,0.43333333333333335,0.2737748557646652,0.608026929991864,CoT,no-limit
0,18.0,3.4,0,1,1,30,0.03333333333333333,0.005908590381612455,0.16670390991409176,CoT,no-limit
0,18.0,3.4,1,0,14,30,0.4666666666666667,0.30232388907699753,0.638577003801267,CoT,no-limit
0,18.0,3.4,1,1,0,30,0.0,0.0,0.1135133931739688,CoT,no-limit
0,18.0,5.1,0,0,16,30,0.5333333333333333,0.36142299619873297,0.6976761109230025,CoT,no-limit
0,18.0,5.1,0,1,4,30,0.13333333333333333,0.05309655484054743,0.296813266820363,CoT,no-limit
0,18.0,5.1,1,0,16,30,0.5333333333333333,0.36142299619873297,0.6976761109230025,CoT,no-limit
0,18.0,5.1,1,1,1,30,0.03333333333333333,0.005908590381612455,0.16670390991409176,CoT,no-limit
0,18.0,6.8,0,0,22,30,0.7333333333333333,0.555520383048111,0.8581733668040368,CoT,no-limit
0,18.0,6.8,0,1,6,30,0.2,0.09505107177289873,0.3730569641314826,CoT,no-limit
0,18.0,6.8,1,0,24,30,0.8,0.6269430358685175,0.9049489282271013,CoT,no-limit
0,18.0,6.8,1,1,17,30,0.5666666666666667,0.39197307000813597,0.7262251442353348,CoT,no-limit
0,18.0,8.5,0,0,24,30,0.8,0.6269430358685175,0.9049489282271013,CoT,no-limit
0,18.0,8.5,0,1,12,30,0.4,0.24590628116801855,0.5767963974667754,CoT,no-limit
0,18.0,8.5,1,0,24,30,0.8,0.6269430358685175,0.9049489282271013,CoT,no-limit
0,18.0,8.5,1,1,14,30,0.4666666666666667,0.30232388907699753,0.638577003801267,CoT,no-limit
0,24.0,1.7,0,0,0,30,0.0,0.0,0.1135133931739688,CoT,no-limit
0,24.0,1.7,0,1,0,30,0.0,0.0,0.1135133931739688,CoT,no-limit
0,24.0,1.7,1,0,0,30,0.0,0.0,0.1135133931739688,CoT,no-limit
0,24.0,1.7,1,1,0,30,0.0,0.0,0.1135133931739688,CoT,no-limit
0,24.0,3.4,0,0,8,30,0.26666666666666666,0.1418266331959632,0.44447961695188887,CoT,no-limit
0,24.0,3.4,0,1,0,30,0.0,0.0,0.1135133931739688,CoT,no-limit
0,24.0,3.4,1,0,16,30,0.5333333333333333,0.36142299619873297,0.6976761109230025,CoT,no-limit
0,24.0,3.4,1,1,1,30,0.03333333333333333,0.005908590381612455,0.16670390991409176,CoT,no-limit
0,24.0,5.1,0,0,15,30,0.5,0.3315412564053376,0.6684587435946624,CoT,no-limit
0,24.0,5.1,0,1,1,30,0.03333333333333333,0.005908590381612455,0.16670390991409176,CoT,no-limit
0,24.0,5.1,1,0,19,30,0.6333333333333333,0.45513563654794864,0.7812607919389929,CoT,no-limit
0,24.0,5.1,1,1,8,30,0.26666666666666666,0.1418266331959632,0.44447961695188887,CoT,no-limit
0,24.0,6.8,0,0,21,30,0.7,0.5212421254128503,0.833352517317562,CoT,no-limit
0,24.0,6.8,0,1,4,30,0.13333333333333333,0.05309655484054743,0.296813266820363,CoT,no-limit
0,24.0,6.8,1,0,25,30,0.8333333333333334,0.6643564949358397,0.9266345762815146,CoT,no-limit
0,24.0,6.8,1,1,1,30,0.03333333333333333,0.005908590381612455,0.16670390991409176,CoT,no-limit
0,24.0,8.5,0,0,24,30,0.8,0.6269430358685175,0.9049489282271013,CoT,no-limit
0,24.0,8.5,0,1,6,30,0.2,0.09505107177289873,0.3730569641314826,CoT,no-limit
0,24.0,8.5,1,0,22,30,0.7333333333333333,0.555520383048111,0.8581733668040368,CoT,no-limit
0,24.0,8.5,1,1,10,30,0.3333333333333333,0.19230498083676129,0.5121994835545616,CoT,no-limit
1,12.0,1.7,0,0,0,30,0.0,0.0,0.1135133931739688,CoT,few-sentences
1,12.0,1.7,0,1,0,30,0.0,0.0,0.1135133931739688,CoT,few-sentences
1,12.0,1.7,1,0,0,30,0.0,0.0,0.1135133931739688,CoT,few-sentences
1,12.0,1.7,1,1,0,30,0.0,0.0,0.1135133931739688,CoT,few-sentences
1,12.0,3.4,0,0,0,30,0.0,0.0,0.1135133931739688,CoT,few-sentences
1,12.0,3.4,0,1,0,30,0.0,0.0,0.1135133931739688,CoT,few-sentences
1,12.0,3.4,1,0,0,30,0.0,0.0,0.1135133931739688,CoT,few-sentences
1,12.0,3.4,1,1,0,30,0.0,0.0,0.1135133931739688,CoT,few-sentences
1,12.0,5.1,0,0,0,30,0.0,0.0,0.1135133931739688,CoT,few-sentences
1,12.0,5.1,0,1,0,30,0.0,0.0,0.1135133931739688,CoT,few-sentences
1,12.0,5.1,1,0,0,30,0.0,0.0,0.1135133931739688,CoT,few-sentences
1,12.0,5.1,1,1,0,30,0.0,0.0,0.1135133931739688,CoT,few-sentences
1,12.0,6.8,0,0,0,30,0.0,0.0,0.1135133931739688,CoT,few-sentences
1,12.0,6.8,0,1,0,30,0.0,0.0,0.1135133931739688,CoT,few-sentences
1,12.0,6.8,1,0,0,30,0.0,0.0,0.1135133931739688,CoT,few-sentences
1,12.0,6.8,1,1,0,30,0.0,0.0,0.1135133931739688,CoT,few-sentences
1,12.0,8.5,0,0,0,30,0.0,0.0,0.1135133931739688,CoT,few-sentences
1,12.0,8.5,0,1,0,30,0.0,0.0,0.1135133931739688,CoT,few-sentences
1,12.0,8.5,1,0,0,30,0.0,0.0,0.1135133931739688,CoT,few-sentences
1,12.0,8.5,1,1,0,30,0.0,0.0,0.1135133931739688,CoT,few-sentences
1,18.0,1.7,0,0,0,30,0.0,0.0,0.1135133931739688,CoT,few-sentences
1,18.0,1.7,0,1,0,30,0.0,0.0,0.1135133931739688,CoT,few-sentences
1,18.0,1.7,1,0,0,30,0.0,0.0,0.1135133931739688,CoT,few-sentences
1,18.0,1.7,1,1,0,30,0.0,0.0,0.1135133931739688,CoT,few-sentences
1,18.0,3.4,0,0,0,30,0.0,0.0,0.1135133931739688,CoT,few-sentences
1,18.0,3.4,0,1,0,30,0.0,0.0,0.1135133931739688,CoT,few-sentences
1,18.0,3.4,1,0,0,30,0.0,0.0,0.1135133931739688,CoT,few-sentences
1,18.0,3.4,1,1,0,30,0.0,0.0,0.1135133931739688,CoT,few-sentences
1,18.0,5.1,0,0,0,30,0.0,0.0,0.1135133931739688,CoT,few-sentences
1,18.0,5.1,0,1,0,30,0.0,0.0,0.1135133931739688,CoT,few-sentences
1,18.0,5.1,1,0,0,30,0.0,0.0,0.1135133931739688,CoT,few-sentences
1,18.0,5.1,1,1,0,30,0.0,0.0,0.1135133931739688,CoT,few-sentences
1,18.0,6.8,0,0,0,30,0.0,0.0,0.1135133931739688,CoT,few-sentences
1,18.0,6.8,0,1,0,30,0.0,0.0,0.1135133931739688,CoT,few-sentences
1,18.0,6.8,1,0,0,30,0.0,0.0,0.1135133931739688,CoT,few-sentences
1,18.0,6.8,1,1,0,30,0.0,0.0,0.1135133931739688,CoT,few-sentences
1,18.0,8.5,0,0,0,30,0.0,0.0,0.1135133931739688,CoT,few-sentences
1,18.0,8.5,0,1,0,30,0.0,0.0,0.1135133931739688,CoT,few-sentences
1,18.0,8.5,1,0,0,30,0.0,0.0,0.1135133931739688,CoT,few-sentences
1,18.0,8.5,1,1,0,30,0.0,0.0,0.1135133931739688,CoT,few-sentences
1,24.0,1.7,0,0,0,30,0.0,0.0,0.1135133931739688,CoT,few-sentences
1,24.0,1.7,0,1,0,30,0.0,0.0,0.1135133931739688,CoT,few-sentences
1,24.0,1.7,1,0,0,30,0.0,0.0,0.1135133931739688,CoT,few-sentences
1,24.0,1.7,1,1,0,30,0.0,0.0,0.1135133931739688,CoT,few-sentences
1,24.0,3.4,0,0,0,30,0.0,0.0,0.1135133931739688,CoT,few-sentences
1,24.0,3.4,0,1,0,30,0.0,0.0,0.1135133931739688,CoT,few-sentences
1,24.0,3.4,1,0,0,30,0.0,0.0,0.1135133931739688,CoT,few-sentences
1,24.0,3.4,1,1,0,30,0.0,0.0,0.1135133931739688,CoT,few-sentences
1,24.0,5.1,0,0,0,30,0.0,0.0,0.1135133931739688,CoT,few-sentences
1,24.0,5.1,0,1,0,30,0.0,0.0,0.1135133931739688,CoT,few-sentences
1,24.0,5.1,1,0,0,30,0.0,0.0,0.1135133931739688,CoT,few-sentences
1,24.0,5.1,1,1,0,30,0.0,0.0,0.1135133931739688,CoT,few-sentences
1,24.0,6.8,0,0,0,30,0.0,0.0,0.1135133931739688,CoT,few-sentences
1,24.0,6.8,0,1,0,30,0.0,0.0,0.1135133931739688,CoT,few-sentences
1,24.0,6.8,1,0,0,30,0.0,0.0,0.1135133931739688,CoT,few-sentences
1,24.0,6.8,1,1,0,30,0.0,0.0,0.1135133931739688,CoT,few-sentences
1,24.0,8.5,0,0,0,30,0.0,0.0,0.1135133931739688,CoT,few-sentences
1,24.0,8.5,0,1,0,30,0.0,0.0,0.1135133931739688,CoT,few-sentences
1,24.0,8.5,1,0,0,30,0.0,0.0,0.1135133931739688,CoT,few-sentences
1,24.0,8.5,1,1,0,30,0.0,0.0,0.1135133931739688,CoT,few-sentences
