term,strategy,beta,se_model,se_cluster,z,p,OR,OR_lo,OR_hi,se_inflation
Intercept,ToT,-0.8796482304732796,0.21989489538945492,0.30737089522623473,-2.8618462064400423,0.004211812271013012,0.4149288453361168,0.22716375929294402,0.7578935444097081,1.3978082332554898
"C(Tc, Treatment(3.4))[T.5.1]",ToT,0.9817968880049918,0.2846340964867991,0.3079468079977831,3.188202840576479,0.0014316007206900147,2.6692482754747853,1.459701897641698,4.881055760519403,1.0819041421907274
"C(Tc, Treatment(3.4))[T.6.8]",ToT,1.38852394078862,0.29040750527740633,0.32376970235767555,4.288616046150874,1.7978985773543014e-05,4.008928268118901,2.1253722954339995,7.5617367806335425,1.1148806297151328
"C(Tc, Treatment(3.4))[T.8.5]",ToT,1.3885239407886156,0.2904075052774067,0.32736427895139025,4.2415255116908925,2.2200564882534433e-05,4.008928268118884,2.110451159328869,7.615199142553702,1.1272583283916207
"C(Fc, Treatment(12.0))[T.18.0]",ToT,0.9032785951898599,0.28398722432481505,0.3127969563719264,2.8877473926435218,0.0038801134400083697,2.467680387911165,1.3367052615714656,4.555564096248477,1.101447282058575
"C(Fc, Treatment(12.0))[T.24.0]",ToT,-0.4811374369070442,0.2972393136839096,0.3512111532971268,-1.369937806331563,0.1707063168087184,0.6180799648665548,0.3105225832596859,1.2302578413434135,1.1815770563600883
"C(Tc, Treatment(3.4))[T.5.1]:C(Fc, Treatment(12.0))[T.18.0]",ToT,-0.044870944686910885,0.4104873022284405,0.37737990248023345,-0.11890125677601804,0.905353586063441,0.9561208663489728,0.45633779644318934,2.003268451995773,0.9193461050598286
"C(Tc, Treatment(3.4))[T.6.8]:C(Fc, Treatment(12.0))[T.18.0]",ToT,-0.8607027947800255,0.40715741319927856,0.35795189508019365,-2.4045208493370267,0.016193682459170092,0.422864790694928,0.2096584255898552,0.8528855003388789,0.8791486621047918
"C(Tc, Treatment(3.4))[T.8.5]:C(Fc, Treatment(12.0))[T.18.0]",ToT,-1.110280844922322,0.4046390417959009,0.36550192175197976,-3.0376881183014137,0.0023840055140299816,0.3294664191099442,0.1609516213220475,0.6744145876227979,0.9032789325760073
"C(Tc, Treatment(3.4))[T.5.1]:C(Fc, Treatment(12.0))[T.24.0]",ToT,-0.29840390710376874,0.4093353580127887,0.4252979424043087,-0.7016349654005418,0.48290684020612595,0.7420015795052342,0.3223966829835336,1.7077295550723224,1.0389963487860272
"C(Tc, Treatment(3.4))[T.6.8]:C(Fc, Treatment(12.0))[T.24.0]",ToT,0.6543869237367538,0.4184997392200156,0.4866853330149884,1.3445790931953165,0.1787611986351363,1.9239626199161128,0.7411896112612343,4.994177072362961,1.1629286410597401
"C(Tc, Treatment(3.4))[T.8.5]:C(Fc, Treatment(12.0))[T.24.0]",ToT,0.31485028760709427,0.414158420353726,0.39338273850183353,0.8003663018010811,0.42349859918938915,1.370054181512245,0.6337088152442913,2.962004654386251,0.9498363890944236
B,ToT,1.3734682806739387,0.12200062219530676,0.11685143289734087,11.753970376046574,6.737702962058312e-32,3.949023292729559,3.1406936421051697,4.965395146298831,0.9577937455948158
Uh,ToT,-0.8774384663282713,0.12024745772333988,0.10126583890615344,-8.664703475585917,4.526896853529263e-18,0.41584675402861204,0.3409853162594242,0.5071436058688452,0.8421453627663504
Intercept,CoT,-1.0476459108667062,0.2727334599333172,0.427000843224031,-2.4534984590581863,0.014147414556127743,0.35076250415623067,0.15189706599270159,0.8099849297145829,1.5656342398487955
"C(Tc, Treatment(3.4))[T.5.1]",CoT,0.9103915224439005,0.3448502317492588,0.45611037159568757,1.995989521700471,0.045935063354993894,2.485295391850059,1.0165673626932528,6.076029401914749,1.3226332175624758
"C(Tc, Treatment(3.4))[T.6.8]",CoT,1.913656957823063,0.33932290559855405,0.6668226143427295,2.869814125469196,0.004107131536431086,6.777829770215443,1.8343838519816276,25.043273437231964,1.9651565023778077
"C(Tc, Treatment(3.4))[T.8.5]",CoT,2.30868319807328,0.3413814147084916,0.5294240519506848,4.360744831230922,1.2962045577281463e-05,10.06116736374625,3.564526135455836,28.398470055927255,1.5508285722079052
"C(Fc, Treatment(12.0))[T.18.0]",CoT,0.5490125688242281,0.35250638535623335,0.4425972023709704,1.2404338886084143,0.21481495295955133,1.7315423945024635,0.7272667081248901,4.122612833041234,1.255572156299222
"C(Fc, Treatment(12.0))[T.24.0]",CoT,0.37995691746193033,0.35754738334560565,0.521657329874172,0.7283649547368174,0.4663902101425321,1.4622215918597892,0.525990219058687,4.064889243619983,1.4589879668338603
"C(Tc, Treatment(3.4))[T.5.1]:C(Fc, Treatment(12.0))[T.18.0]",CoT,-0.4517501365224502,0.4706701311832542,0.5139220333950977,-0.8790246519264326,0.37938790959373947,0.636513191256897,0.23246425380775598,1.742844484722759,1.0918942999486905
"C(Tc, Treatment(3.4))[T.6.8]:C(Fc, Treatment(12.0))[T.18.0]",CoT,-0.021412718816375298,0.46105611853518014,0.7803292362150129,-0.027440620987415124,0.9781082995732236,0.978814905864481,0.21207189851209515,4.517706620558454,1.6924821184332057
"C(Tc, Treatment(3.4))[T.8.5]:C(Fc, Treatment(12.0))[T.18.0]",CoT,-0.19286925973793964,0.46200895887104854,0.5874574417163879,-0.3283118844735869,0.7426758592428566,0.8245897741752202,0.26073135629818966,2.6078501079736136,1.2715282473133889
"C(Tc, Treatment(3.4))[T.5.1]:C(Fc, Treatment(12.0))[T.24.0]",CoT,-0.0012460138781267352,0.4721267093778713,0.6111786487120187,-0.002038706490733194,0.9983733486938505,0.9987547620748494,0.3014551128081436,3.308987084262987,1.2945225012102752
"C(Tc, Treatment(3.4))[T.6.8]:C(Fc, Treatment(12.0))[T.24.0]",CoT,-0.6444249560717198,0.46499641810066256,0.8153655214985902,-0.79035100096863,0.4293228095304704,0.5249643328789867,0.1061914148979102,2.5951961470710474,1.7534877469143852
"C(Tc, Treatment(3.4))[T.8.5]:C(Fc, Treatment(12.0))[T.24.0]",CoT,-0.5557266855221638,0.46458581908064955,0.6468245749090401,-0.8591613662797413,0.3902514947073811,0.5736552427345394,0.1614629528649539,2.038116680499848,1.392260694028534
B,CoT,0.14495268169050657,0.12699886139851504,0.17786388211618187,0.8149641173120382,0.4150928499084857,1.1559848697240278,0.8157444709476442,1.6381367776584583,1.4005155649234944
Uh,CoT,-2.140106587001274,0.1364694643940773,0.1954051169287013,-10.952152229371498,6.48872600764787e-28,0.1176423032131783,0.08021108324552524,0.17254113702639043,1.431859630989962
