strategy,profile,p_pred,p_lo,p_hi,p_observed,k,n
ToT,"Reference (TTC 3.4 s, F 12 s, no rear, no urgency)",0.29325067949798583,0.18511283239315113,0.4311373386743991,0.4666666666666667,14,30
ToT,"Large safety margin (TTC 8.5 s, F 12 s)",0.6245428777612403,0.5389290352273713,0.7030197790574833,0.6333333333333333,19,30
ToT,"Rear vehicle present (TTC 3.4 s, F 12 s)",0.6210059247563432,0.4823707602233684,0.7423437928429363,0.5333333333333333,16,30
ToT,"Passenger urgency (TTC 3.4 s, F 12 s)",0.14715558602978054,0.08847813246503965,0.2347263275446842,0.16666666666666666,5,30
ToT,"Long following (TTC 3.4 s, F 24 s)",0.20411264042054958,0.13833853245827324,0.2906121849509123,0.13333333333333333,4,30
ToT,"Large margin + long following (TTC 8.5 s, F 24 s)",0.5848191779992059,0.5444130090974151,0.6241159928090363,0.6,18,30
CoT,"Reference (TTC 3.4 s, F 12 s, no rear, no urgency)",0.25967740670691664,0.13186687463414723,0.4475092120475886,0.1,3,30
CoT,"Large safety margin (TTC 8.5 s, F 12 s)",0.7792046193133182,0.6355534236171139,0.8771763421390392,0.8,24,30
CoT,"Rear vehicle present (TTC 3.4 s, F 12 s)",0.28849735254702935,0.15666458441890732,0.469505690791381,0.36666666666666664,11,30
CoT,"Passenger urgency (TTC 3.4 s, F 12 s)",0.03962922822996387,0.01651043965725186,0.09208899961098506,0.1,3,30
CoT,"Long following (TTC 3.4 s, F 24 s)",0.33901450681647266,0.20955742257321258,0.49805431760643887,0.26666666666666666,8,30
CoT,"Large margin + long following (TTC 8.5 s, F 24 s)",0.7474895175181918,0.6746787094749054,0.8086267496886961,0.8,24,30
