strategy,regime,TTC_s,k,n,n_conditions,n_zero_conditions
ToT,no-limit,1.7,0,360,12,12
ToT,no-limit,3.4,144,360,12,0
ToT,no-limit,5.1,207,360,12,0
ToT,no-limit,6.8,242,360,12,0
ToT,no-limit,8.5,228,360,12,0
ToT,few-sentences,1.7,0,360,12,12
ToT,few-sentences,3.4,4,360,12,10
ToT,few-sentences,5.1,16,360,12,10
ToT,few-sentences,6.8,17,360,12,8
ToT,few-sentences,8.5,8,360,12,9
CoT,no-limit,1.7,0,360,12,12
CoT,no-limit,3.4,72,360,12,2
CoT,no-limit,5.1,115,360,12,0
CoT,no-limit,6.8,177,360,12,0
CoT,no-limit,8.5,202,360,12,0
CoT,few-sentences,1.7,0,360,12,12
CoT,few-sentences,3.4,0,360,12,12
CoT,few-sentences,5.1,0,360,12,12
CoT,few-sentences,6.8,0,360,12,12
CoT,few-sentences,8.5,0,360,12,12
