strategy,specification,k_params,AIC,dAIC_vs_additive,LR_vs_additive,LR_df,LR_p,lackoffit_dev,lackoffit_df,lackoffit_p
ToT,additive linear TTC & F,5,1748.471983554882,33.29566926867142,,,,115.70839147827724,43,1.3853965385823408e-08
ToT,additive categorical,8,1715.1763142862105,0.0,,,,76.41272220960582,40,0.00046003437615284087
ToT,categorical + TTC x F,14,1695.3167485117042,-19.859565774506336,31.859565774506336,6.0,1.7360753827889396e-05,44.55315643509948,34,0.10634844247609483
ToT,categorical + TTC x B,11,1717.9120410858773,2.735726799666736,3.264273200333264,3.0,0.3526461840762598,73.14844900927255,37,0.0003640746801875656
ToT,categorical + TTC x U,11,1719.1773607819705,4.001046495759965,1.9989535042400348,3.0,0.5726239369992885,74.41376870536578,37,0.00025765101095965795
ToT,categorical + F x B,10,1718.5985663591375,3.4222520729269945,0.5777479270732329,2.0,0.74910661420142,75.83497428253258,38,0.0002561266555233292
ToT,categorical + F x U,10,1715.6817190102288,0.5054047240182626,3.4945952759817374,2.0,0.17424417864009065,72.91812693362408,38,0.0005608292698674851
ToT,categorical + B x U,9,1717.1530044555184,1.976690169307858,0.023309830692141986,1.0,0.8786541245587899,76.38941237891368,39,0.000321194098941349
CoT,additive linear TTC & F,5,1522.7574742108573,5.002815504064529,,,,112.45841481543994,43,3.981806037776454e-08
CoT,additive categorical,8,1517.7546587067927,0.0,,,,101.45559931137541,40,3.021005136183841e-07
CoT,categorical + TTC x F,14,1521.7027066182113,3.9480479114185982,8.051952088581857,6.0,0.23432182606264276,93.40364722279355,34,1.913599278313529e-07
CoT,categorical + TTC x B,11,1513.6633752229318,-4.091283483860934,10.091283483861162,3.0,0.017805918519632973,91.36431582751425,37,1.7044028803249036e-06
CoT,categorical + TTC x U,11,1521.0497873641411,3.295128657348414,2.704871342651586,3.0,0.43940009537953506,98.75072796872382,37,1.5868780820214297e-07
CoT,categorical + F x B,10,1511.3921800739859,-6.362478632806869,10.36247863280687,2.0,0.005621035853993163,91.09312067856854,38,2.9815730129642245e-06
CoT,categorical + F x U,10,1511.5039021726384,-6.250756534154334,10.250756534154789,2.0,0.005943968523567649,91.20484277722062,38,2.880407796708796e-06
CoT,categorical + B x U,9,1517.9944453496419,0.23978664284913975,1.7602133571508602,1.0,0.1845979055872041,99.69538595422455,39,3.2286885747154463e-07
