term,beta,se,z,p,is_strategy_term
Intercept,-1.0583691113553144,0.28523879745623276,-3.710466881763205,0.00020687736063908465,False
"C(Tc, Treatment(3.4))[T.5.1]",0.9178272601904764,0.28267731213328817,3.246908120301151,0.0011666604619975489,False
"C(Tc, Treatment(3.4))[T.6.8]",1.5875608134878503,0.3574085527544256,4.441865761893669,8.91821933800732e-06,False
"C(Tc, Treatment(3.4))[T.8.5]",1.7819445211482001,0.31824151347663465,5.599346551872878,2.1516128963980162e-08,False
"C(Fc, Treatment(12.0))[T.18.0]",0.7281264844675861,0.2917286354653129,2.495903370288659,0.012563682093268318,False
"C(Fc, Treatment(12.0))[T.24.0]",-0.12823054323047983,0.3294231179173178,-0.38925787613565277,0.6970853937751129,False
"C(strategy, Treatment('ToT'))[T.CoT]",0.2672296418098545,0.18517226464494524,1.4431407550274793,0.14898082469446797,True
"C(Tc, Treatment(3.4))[T.5.1]:C(Fc, Treatment(12.0))[T.18.0]",-0.2696298102598146,0.3993294789705674,-0.6752063758350474,0.49954465641562196,False
"C(Tc, Treatment(3.4))[T.6.8]:C(Fc, Treatment(12.0))[T.18.0]",-0.44554078017929755,0.442577397614117,-1.0066957386011028,0.31408101059398896,False
"C(Tc, Treatment(3.4))[T.8.5]:C(Fc, Treatment(12.0))[T.18.0]",-0.6620960365356514,0.4126336061928275,-1.6045615931394783,0.10859031937313457,False
"C(Tc, Treatment(3.4))[T.5.1]:C(Fc, Treatment(12.0))[T.24.0]",-0.1255277027598644,0.41116016246692827,-0.30530122861784126,0.7601367402770719,False
"C(Tc, Treatment(3.4))[T.6.8]:C(Fc, Treatment(12.0))[T.24.0]",0.08565526252731409,0.47896863413043755,0.17883271768478182,0.8580690543853681,False
"C(Tc, Treatment(3.4))[T.8.5]:C(Fc, Treatment(12.0))[T.24.0]",-0.04479087931520931,0.4081673786152645,-0.10973654844041042,0.9126183139778038,False
B,1.3751442498931992,0.1433072707571343,9.59577446858006,8.328921323188372e-22,False
"B:C(strategy, Treatment('ToT'))[T.CoT]",-1.2365729399112577,0.2422379501128911,-5.104786179601391,3.3116875213825504e-07,True
Uh,-0.878424000374507,0.13697141728906204,-6.4131920203519295,1.4250384027081887e-10,False
"Uh:C(strategy, Treatment('ToT'))[T.CoT]",-1.1503672297370247,0.25694901546957255,-4.477025248120669,7.569030108279343e-06,True
